{
	"meta": {
		"image": "objects.png",
		"size": {"w":1024,"h":2048},
		"scale": "1"
	},
	"frames": {
		"map.png":
		{
			"frame": {"x":0,"y":0,"w":896,"h":1472},
			"rotated": false,
			"trimmed": false,
			"spriteSourceSize": {"x":0,"y":0,"w":896,"h":1472},
			"sourceSize": {"w":896,"h":1472}
		},
		"back_button.png":
		{
			"frame": {"x":896,"y":0,"w":64,"h":64},
			"rotated": false,
			"trimmed": false,
			"spriteSourceSize": {"x":0,"y":0,"w":64,"h":64},
			"sourceSize": {"w":64,"h":64}
		},
		"ebony.png":
		{
			"frame": {"x":896,"y":64,"w":64,"h":64},
			"rotated": false,
			"trimmed": false,
			"spriteSourceSize": {"x":0,"y":0,"w":64,"h":64},
			"sourceSize": {"w":64,"h":64}
		},
		"green_potion.png":
		{
			"frame": {"x":896,"y":128,"w":64,"h":64},
			"rotated": false,
			"trimmed": false,
			"spriteSourceSize": {"x":0,"y":0,"w":64,"h":64},
			"sourceSize": {"w":64,"h":64}
		},
		"wizard.png":
		{
			"frame": {"x":896,"y":192,"w":64,"h":64},
			"rotated": false,
			"trimmed": false,
			"spriteSourceSize": {"x":0,"y":0,"w":64,"h":64},
			"sourceSize": {"w":64,"h":64}
		}
	}
}